City_ID,City,Lat,Lng,Max Temp,Humidity,Cloudiness,Wind Speed,Country,Date
0,margaret river,-33.95,115.0667,18.39,55,0,3.15,AU,1726552203
1,el granada,37.5027,-122.4694,14.09,87,100,1.54,US,1726552204
2,grytviken,-54.2811,-36.5092,-1.42,77,41,5.3,GS,1726552206
3,san patricio,28.017,-97.5169,23.97,78,0,3.41,US,1726552207
4,waitangi,-43.9535,-176.5597,9.34,96,100,1.34,NZ,1726552208
5,whitehorse,60.7161,-135.0538,7.43,84,75,0.45,CA,1726551455
6,albany,42.6001,-73.9662,14.64,72,100,1.09,US,1726552210
7,fale old settlement,-9.3852,-171.2468,27.78,76,35,2.99,TK,1726552211
8,dalby,-27.1833,151.2667,23.52,18,0,3.21,AU,1726552212
9,petrozavodsk,61.7849,34.3469,12.7,88,0,0.0,RU,1726552213
10,fada,7.25,4.0667,24.37,94,40,1.54,NG,1726552214
11,hawaiian paradise park,19.5933,-154.9731,23.83,98,100,2.57,US,1726552216
12,bang saphan,11.2126,99.5117,31.23,59,99,5.12,TH,1726552217
13,antofagasta,-23.65,-70.4,14.6,86,0,1.13,CL,1726552218
14,nili,33.7218,66.1302,19.05,24,0,1.5,AF,1726552219
15,itaituba,-4.2761,-55.9836,25.81,43,42,0.63,BR,1726552220
16,inhambane,-23.865,35.3833,26.33,76,44,3.7,MZ,1726552221
17,stanley,54.868,-1.6985,6.01,100,0,0.51,GB,1726552222
18,gbadolite,4.2833,21.0167,24.01,87,62,1.12,CD,1726552223
19,bethel,41.3712,-73.414,15.64,94,100,0.45,US,1726552225
20,divnoye,45.9089,43.3547,21.33,38,100,7.36,RU,1726552226
21,souillac,-20.5167,57.5167,24.21,64,40,4.63,MU,1726552227
22,awjilah,29.1081,21.2869,27.97,36,0,5.79,LY,1726552228
23,yellowknife,62.456,-114.3525,10.31,99,75,2.57,CA,1726552229
24,bredasdorp,-34.5322,20.0403,10.63,79,31,1.04,ZA,1726552230
25,nova sintra,14.8667,-24.7167,26.23,77,85,5.36,CV,1726552231
26,dalnegorsk,44.5604,135.5701,22.58,46,2,4.59,RU,1726552232
27,polyarnyy,69.1989,33.4478,8.98,94,99,4.75,RU,1726551893
28,somoto,13.4808,-86.5821,21.3,94,77,0.99,NI,1726552235
29,yelanskiy,56.8419,62.5014,14.43,46,0,3.1,RU,1726552236
30,port alfred,-33.5906,26.891,16.21,93,86,4.43,ZA,1726552237
31,guerrero negro,27.9769,-114.0611,18.84,77,0,5.82,MX,1726552116
32,port-aux-francais,-49.35,70.2167,4.43,97,99,13.99,TF,1726552239
33,la palma,33.8464,-118.0467,18.21,77,20,3.09,US,1726552240
34,ushuaia,-54.8,-68.3,3.81,81,75,6.69,AR,1726552241
35,port mathurin,-19.6833,63.4167,21.62,73,23,7.64,MU,1726552243
36,faya-largeau,17.9257,19.1043,33.04,36,29,1.95,TD,1726552244
37,puerto ayora,-0.7393,-90.3518,21.27,86,79,4.86,EC,1726552245
38,kodiak,57.79,-152.4072,9.73,71,0,1.54,US,1726552246
39,stephenville,32.2207,-98.2023,24.07,75,0,3.09,US,1726552247
40,blackmans bay,-43.0167,147.3167,13.07,56,88,6.55,AU,1726552248
41,longyearbyen,78.2186,15.6401,4.91,93,75,0.51,SJ,1726552249
42,susuman,62.7833,148.1667,6.22,50,84,4.24,RU,1726552250
43,san antonio de pale,-1.4014,5.6325,24.58,86,97,6.59,GQ,1726552251
44,la ronge,55.1001,-105.2842,17.12,55,40,3.6,CA,1726552253
45,talnakh,69.4865,88.3972,3.19,88,82,4.99,RU,1726552254
46,toliara,-23.35,43.6667,28.53,38,25,5.27,MG,1726552255
47,labrador city,52.9463,-66.9114,15.95,89,75,4.92,CA,1726552256
48,acapulco de juarez,16.8634,-99.8901,25.88,83,99,1.95,MX,1726552257
49,pangody,65.85,74.4859,9.66,84,100,1.19,RU,1726552258
50,ola,59.5833,151.2833,6.22,77,81,1.29,RU,1726552260
51,tiksi,71.6872,128.8694,1.98,98,100,3.14,RU,1726552261
52,kostomuksha,64.571,30.5767,10.19,76,100,0.89,RU,1726552262
53,mount gambier,-37.8333,140.7667,13.38,56,46,5.08,AU,1726552263
54,sovetskiy,61.3614,63.5842,18.34,63,41,2.92,RU,1726552264
55,codrington,-38.2667,141.9667,13.66,61,79,8.48,AU,1726552265
56,palangkaraya,-2.2,113.8333,35.65,33,47,1.81,ID,1726552266
57,montepuez,-13.1256,38.9997,24.73,60,36,2.39,MZ,1726552267
58,hermanus,-34.4187,19.2345,11.0,78,38,2.06,ZA,1726552268
59,fort bragg,35.139,-79.006,20.91,95,100,4.63,US,1726552271
60,arraial do cabo,-22.9661,-42.0278,21.2,81,95,7.04,BR,1726552272
61,port elizabeth,-33.918,25.5701,15.73,94,75,2.06,ZA,1726552273
62,verkhnevilyuysk,63.4453,120.3167,7.16,56,100,5.74,RU,1726552274
63,levuka,50.1834,-105.4011,18.84,60,69,3.42,CA,1726552275
64,rahimah,26.7079,50.0619,34.11,38,0,2.97,SA,1726552276
65,calvinia,-31.4707,19.776,14.18,45,0,1.0,ZA,1726552277
66,jieshi,22.8134,115.8257,30.89,73,6,4.29,CN,1726552278
67,babayevo,59.3936,35.9371,18.11,53,43,1.96,RU,1726552280
68,nurmes,63.5421,29.1397,12.23,70,100,0.21,FI,1726552281
69,jamestown,42.097,-79.2353,16.8,86,0,2.57,US,1726552282
70,inirida,3.8653,-67.9239,23.25,94,22,1.5,CO,1726552283
71,invercargill,-46.4,168.35,7.23,66,94,3.13,NZ,1726552284
72,tsiombe,-25.3,45.4833,25.8,57,100,3.84,MG,1726552285
73,edinburgh of the seven seas,-37.0676,-12.3116,11.8,74,62,10.69,SH,1726552287
74,whangarei,-35.7317,174.3239,7.95,82,29,5.87,NZ,1726552288
75,tarko-sale,64.9225,77.785,12.11,73,97,3.85,RU,1726552289
76,sao paulo de olivenca,-3.3783,-68.8725,22.74,94,100,1.08,BR,1726552290
77,kavieng,-2.5744,150.7967,29.81,69,41,5.76,PG,1726552291
78,borujen,31.9652,51.2873,20.79,26,0,1.18,IR,1726552292
79,nar'yan-mar,67.6713,53.087,14.67,76,48,4.52,RU,1726552293
80,kirakira,-10.4544,161.9205,27.72,83,20,2.57,SB,1726552294
81,dawei,14.0833,98.2,29.66,70,75,4.12,MM,1726552295
82,tazacorte,28.629,-17.9293,20.54,73,20,1.54,ES,1726552297
83,anadyr,64.75,177.4833,8.28,87,75,4.0,RU,1726552298
84,cabo san lucas,22.8909,-109.9124,24.31,79,4,4.02,MX,1726551985
85,kharp,66.8014,65.8081,18.32,73,100,1.59,RU,1726552300
86,necochea,-38.5473,-58.7368,6.85,73,24,4.82,AR,1726552301
87,acajutla,13.5928,-89.8275,27.14,83,67,2.12,SV,1726552302
88,college,64.8569,-147.8028,7.26,86,100,4.63,US,1726552303
89,angaur state,6.906,134.13,29.11,80,100,7.73,PW,1726552304
90,mount pearl,47.5166,-52.7813,17.47,90,100,8.23,CA,1726552305
91,klyuchi,52.2667,79.1667,10.51,46,4,5.72,RU,1726552308
92,freetown,8.484,-13.2299,25.84,83,75,3.09,SL,1726552309
93,kragero,58.8693,9.4149,12.04,83,83,1.84,NO,1726552311
94,hithadhoo,-0.6,73.0833,28.79,74,89,3.69,MV,1726552312
95,geneina,13.45,22.45,25.06,67,94,1.44,SD,1726552313
96,tomatlan,19.9333,-105.25,23.76,92,100,0.7,MX,1726552314
97,iringa,-7.7667,35.7,20.92,49,18,0.93,TZ,1726552316
98,remire-montjoly,4.9167,-52.2667,24.02,94,30,0.0,GF,1726552317
99,touros,-5.1989,-35.4608,23.23,83,5,5.79,BR,1726552318
100,moree,-29.4667,149.85,20.56,36,0,3.25,AU,1726552319
101,porto novo,6.4965,2.6036,24.9,93,100,2.19,BJ,1726552320
102,morehead city,34.7229,-76.726,25.55,94,95,2.24,US,1726552321
103,sandnessjoen,66.0217,12.6316,10.23,87,75,4.63,NO,1726552322
104,puerto armuelles,8.2833,-82.8667,27.83,79,98,3.58,PA,1726552323
105,fortaleza,-3.7227,-38.5247,26.23,78,0,7.2,BR,1726552324
106,kampong thom,12.7111,104.8887,30.82,69,100,4.88,KH,1726552326
107,sao simao,-21.4792,-47.5508,14.48,88,0,2.69,BR,1726552328
108,puerto natales,-51.7236,-72.4875,2.34,92,89,3.98,CL,1726552329
109,isafjordur,66.0755,-23.124,4.3,96,100,2.75,IS,1726552330
110,vilyuysk,63.7553,121.6247,7.11,57,100,6.0,RU,1726552331
111,udachny,66.4167,112.4,4.69,73,100,7.77,RU,1726552332
112,al bawiti,28.3492,28.8659,25.8,52,0,2.76,EG,1726552334
113,nantucket,41.2835,-70.0995,16.75,100,0,3.09,US,1726552335
114,dongning,44.0622,131.1207,23.97,60,47,3.85,CN,1726552336
115,tura,25.5198,90.2201,30.51,72,64,1.62,IN,1726552337
116,olonkinbyen,70.9221,-8.7187,1.8,78,100,6.01,SJ,1726552338
117,kharan,28.5833,65.4167,33.9,17,0,0.49,PK,1726552340
118,punta arenas,-53.15,-70.9167,4.06,87,75,4.63,CL,1726552341
119,laguna,38.421,-121.4238,17.76,68,0,0.45,US,1726552343
120,enewetak,11.3474,162.3373,28.83,73,92,4.06,MH,1726552344
121,fruita,39.1589,-108.729,19.64,53,0,5.66,US,1726552346
122,magnitka,55.3475,59.6961,12.45,55,1,0.66,RU,1726552347
123,adamstown,-25.066,-130.1015,20.26,88,100,7.48,PN,1726552348
124,saipan,15.1355,145.701,31.39,74,40,4.12,MP,1726552349
125,santa elena de uairen,4.6167,-61.1333,19.56,83,6,1.58,VE,1726552351
126,carnarvon,-24.8667,113.6333,28.31,33,0,1.36,AU,1726552352
127,petropavlovsk-kamchatsky,53.0452,158.6483,13.33,44,75,4.0,RU,1726552353
128,avarua,-21.2078,-159.775,24.03,88,40,3.6,CK,1726552354
129,kidatu,-7.6992,36.9572,26.32,59,27,1.17,TZ,1726552355
130,grand baie,-20.0182,57.5802,24.14,68,67,3.13,MU,1726552356
131,nemuro,43.3236,145.575,17.72,95,91,3.74,JP,1726552357
132,east london,-33.0153,27.9116,15.52,94,75,1.03,ZA,1726552358
133,mar del plata,-38.0023,-57.5575,11.04,84,9,4.02,AR,1726552360
134,tazovsky,67.4667,78.7,7.53,74,94,3.3,RU,1726552361
135,montabaur,50.4333,7.8333,12.95,82,25,1.88,DE,1726552362
136,ribeira grande,38.5167,-28.7,21.54,91,91,1.79,PT,1726552363
137,alta,69.9689,23.2717,8.59,81,75,1.54,NO,1726552364
138,west island,-12.1568,96.8225,27.99,57,20,7.2,CC,1726552365
139,bikenibeu village,1.3673,173.1241,29.98,70,20,1.54,KI,1726552366
140,macapa,0.0389,-51.0664,27.99,83,75,3.09,BR,1726552368
141,sanya,18.2431,109.505,31.09,74,0,3.0,CN,1726552369
142,kolokani,13.5728,-8.0339,21.74,91,95,2.53,ML,1726552370
143,agat village,13.3886,144.6585,28.53,90,75,3.09,GU,1726552371
144,queenstown,-31.8976,26.8753,13.08,71,72,0.38,ZA,1726552372
145,sitka,57.0531,-135.33,11.94,82,40,2.06,US,1726552373
146,tezu,27.9167,96.1667,34.45,50,83,1.74,IN,1726552374
147,iskateley,67.6803,53.1512,14.8,75,49,4.54,RU,1726552375
148,marsabit,2.3284,37.9899,19.97,62,15,10.46,KE,1726552376
149,la'ie,21.6477,-157.9253,27.98,84,91,3.13,US,1726552378
150,kristiansund,63.1115,7.732,11.74,93,40,1.03,NO,1726552379
151,vorgashor,67.5833,63.95,15.62,85,100,4.46,RU,1726552380
152,velez-malaga,36.7726,-4.1005,20.84,70,100,1.06,ES,1726552381
153,shingu,33.7333,135.9833,29.31,68,7,2.13,JP,1726552382
154,st. john's,47.5649,-52.7093,17.93,90,100,8.23,CA,1726552383
155,adrar,20.5022,-10.0711,30.48,44,72,6.13,MR,1726552384
156,coquimbo,-29.9533,-71.3436,13.85,91,100,2.06,CL,1726552385
157,newman,37.3138,-121.0208,16.13,70,41,1.79,US,1726552387
158,magadan,59.5667,150.8,5.82,81,97,1.16,RU,1726552281
159,flying fish cove,-10.4217,105.6791,26.82,73,75,3.6,CX,1726552389
160,georgetown,5.4112,100.3354,29.96,74,40,4.12,MY,1726552390
161,iqaluit,63.7506,-68.5145,2.85,86,100,5.14,CA,1726552391
162,holualoa,19.6228,-155.9522,24.75,93,66,2.45,US,1726552392
163,taltal,-25.4,-70.4833,12.9,89,26,1.9,CL,1726552393
164,hamilton,39.1834,-84.5333,19.85,63,0,0.45,US,1726552395
165,kirensk,57.7853,108.1119,6.41,68,99,3.41,RU,1726552396
166,bubaque,11.2833,-15.8333,26.61,82,100,6.22,GW,1726552397
167,saint-philippe,-21.3585,55.7679,21.47,70,66,4.84,RE,1726552398
168,esikhaleni,-28.871,31.8996,18.94,92,100,0.69,ZA,1726552399
169,chibougamau,49.9168,-74.3659,19.79,64,75,3.6,CA,1726552400
170,krasnapollye,53.3337,31.4014,18.62,47,8,3.87,BY,1726552401
171,klaksvik,62.2266,-6.589,12.29,84,99,13.33,FO,1726552402
172,tell city,37.9514,-86.7678,16.95,100,0,0.0,US,1726552404
173,constantia,44.1833,28.65,14.38,56,6,6.23,RO,1726552405
174,lijiang,26.8688,100.2207,23.69,54,24,1.74,CN,1726552406
175,afaahiti,-17.75,-149.2833,24.13,88,90,5.98,PF,1726552407
176,great falls,47.5002,-111.3008,15.38,71,0,3.09,US,1726552408
177,santa ana de yacuma,-13.75,-65.4333,23.83,38,3,3.0,BO,1726552409
178,sinabang,2.4803,96.3801,25.16,89,100,1.66,ID,1726552412
179,san juan,-31.5375,-68.5364,18.47,27,87,6.34,AR,1726551849
180,san fernando,15.0286,120.6898,26.85,64,100,1.82,PH,1726552414
181,papatowai,-46.5619,169.4708,5.12,67,94,4.73,NZ,1726552415
182,ambon,-3.6954,128.1814,30.08,74,40,3.09,ID,1726552416
183,zeya,53.75,127.2667,12.82,42,67,5.59,RU,1726552418
184,gadzhiyevo,69.2551,33.3362,9.27,93,99,5.37,RU,1726552421
185,papao,-17.75,-149.55,25.82,83,84,5.11,PF,1726552422
186,mejit,10.2753,170.8646,28.07,78,19,4.23,MH,1726552423
187,bandar-e genaveh,29.5791,50.517,33.25,48,0,1.36,IR,1726552424
188,upata,8.0086,-62.3989,22.73,92,76,1.03,VE,1726552425
189,miquelon,47.0975,-56.3814,15.99,91,60,10.31,PM,1726552426
190,kumeny,58.1089,49.9161,19.17,54,89,2.16,RU,1726552427
191,dazhou,31.2159,107.5009,34.82,43,38,1.38,CN,1726552428
192,ilulissat,69.2167,-51.1,1.01,93,75,0.0,GL,1726552430
193,morant bay,17.8815,-76.4093,27.69,88,89,4.12,JM,1726552431
194,ha'il,27.5219,41.6907,28.01,34,0,5.14,SA,1726552432
195,uturoa,-16.7333,-151.4333,25.86,84,98,4.29,PF,1726552433
196,kolonia town,6.964,158.206,29.06,84,100,2.06,FM,1726552434
197,lihue,21.9789,-159.3672,26.77,81,75,7.2,US,1726552435
198,dudinka,69.4058,86.1778,4.16,77,34,6.08,RU,1726552436
199,pariaman,-0.619,100.12,24.03,85,97,3.46,ID,1726552437
200,saint-joseph,-21.3667,55.6167,24.21,68,58,3.81,RE,1726552438
201,nyurba,63.2842,118.3319,6.46,63,100,5.85,RU,1726552440
202,laojunmiao,39.8333,97.7333,20.18,51,1,6.3,CN,1726552441
203,ausa,41.9271,2.2497,10.06,79,75,0.99,ES,1726552442
204,romanovskaya,47.5426,42.0285,21.2,33,100,8.52,RU,1726552443
205,bilibino,68.0546,166.4372,1.54,74,100,1.24,RU,1726552444
206,kaga bandoro,6.9896,19.1874,23.03,93,93,0.93,CF,1726552445
207,al kharijah,25.4514,30.5464,31.72,34,0,6.23,EG,1726552446
208,stowbtsy,53.4785,26.7434,17.42,49,3,3.37,BY,1726552447
209,erdenet,49.0333,104.0833,14.56,47,0,1.71,MN,1726552449
210,fuglafjordur,62.244,-6.814,11.71,85,95,10.9,FO,1726552450
211,seminole,28.7086,-81.2081,24.59,88,0,1.54,US,1726552451
212,oil city,41.4339,-79.7064,14.96,76,0,2.57,US,1726552452
213,dolores,-36.3132,-57.6792,10.76,69,35,2.51,AR,1726552453
214,sierpc,52.8568,19.6691,16.72,50,0,4.32,PL,1726552455
215,villa mercedes,-33.6757,-65.4578,15.8,27,90,5.69,AR,1726552457
216,ta`u,-14.2336,-169.5144,26.94,73,48,3.0,AS,1726552458
217,sabang,5.8933,95.3214,26.43,83,100,11.74,ID,1726552459
218,tyukhtet,56.5389,89.3011,8.94,54,81,2.17,RU,1726552460
219,kudahuvadhoo,2.6708,72.8944,29.19,72,12,4.94,MV,1726552461
220,mary,37.0,62.5,25.24,27,77,1.16,TM,1726552462
221,grand falls-windsor,48.9332,-55.6649,15.84,89,38,3.02,CA,1726552463
222,vung tau,10.346,107.0843,25.45,88,100,6.62,VN,1726552464
223,kasongo-lunda,-6.4667,16.8167,24.08,78,32,0.77,CD,1726552465
224,bodo,67.28,14.405,10.02,92,75,7.72,NO,1726552467
225,atafu village,-8.5421,-172.5159,28.14,73,41,3.41,TK,1726552468
226,yangchun,22.1667,111.7833,32.2,70,100,4.36,CN,1726552469
227,tegueste,28.5167,-16.3167,20.55,94,75,3.6,ES,1726552470
228,rio grande,-32.035,-52.0986,13.52,91,0,2.19,BR,1726552471
229,myrina,39.8797,25.0742,18.58,72,20,0.0,GR,1726552472
230,kas,36.2018,29.6377,25.29,56,0,1.63,TR,1726552474
231,ancud,-41.8697,-73.8203,6.6,82,71,0.97,CL,1726552475
232,emerald,-23.5333,148.1667,26.66,19,100,2.85,AU,1726552476
233,mirny,62.5353,113.9611,6.0,66,99,5.57,RU,1726552477
234,sur,22.5667,59.5289,34.2,42,0,0.39,OM,1726552480
235,mccook,40.2019,-100.6257,21.46,76,90,8.35,US,1726552481
236,cuneo,44.3973,7.5445,14.17,66,22,1.34,IT,1726552482
237,maridi,4.9158,29.4742,21.49,94,97,0.71,SS,1726552483
238,alice springs,-23.7,133.8833,24.75,13,35,4.63,AU,1726552485
239,vilyuchinsk,52.9306,158.4028,14.15,60,99,3.62,RU,1726552486
240,port lincoln,-34.7333,135.8667,17.74,35,0,5.75,AU,1726552487
241,lerwick,60.1545,-1.1494,12.67,91,100,7.16,GB,1726552488
242,pingliang,35.5392,106.6861,25.85,57,75,5.08,CN,1726552489
243,hadibu,12.65,54.0333,27.5,74,35,7.88,YE,1726552490
244,iskenderun,36.5872,36.1735,25.46,61,48,2.96,TR,1726552491
245,vila franca do campo,37.7167,-25.4333,23.23,84,96,2.17,PT,1726552492
246,calca,-13.3333,-71.95,8.64,73,89,1.65,PE,1726552493
247,oskarshamn,57.2645,16.4484,13.88,91,75,2.75,SE,1726552495
248,arkalyk,50.2486,66.9114,10.94,35,25,11.51,KZ,1726552496
249,revda,56.801,59.9303,14.61,51,1,2.07,RU,1726552497
250,kilindoni,-7.9139,39.6668,25.63,73,8,4.11,TZ,1726552498
251,lamu,-2.2717,40.902,26.4,74,18,6.38,KE,1726552499
252,funafuti,-8.5243,179.1942,30.0,79,20,0.0,TV,1726552500
253,pechora,65.1472,57.2244,17.59,76,100,4.38,RU,1726552501
254,mitu,1.1983,-70.1733,23.38,87,28,1.51,CO,1726552502
255,manohar thana,24.24,76.8018,25.56,80,53,3.15,IN,1726552503
256,atherton,53.5237,-2.4935,8.59,95,100,0.77,GB,1726552505
257,kot diji,27.3427,68.7083,34.81,37,1,6.16,PK,1726552506
258,korla,41.7597,86.1469,27.2,21,0,0.7,CN,1726552507
259,chita,52.0333,113.55,14.94,27,16,4.0,RU,1726552508
260,olds,51.7834,-114.102,7.91,65,4,1.79,CA,1726552509
261,qarqaraly,49.4058,75.4742,6.51,45,6,9.47,KZ,1726552510
262,weligama,5.9667,80.4167,29.95,80,70,6.75,LK,1726552511
263,fraserburgh,57.6874,-2.0184,12.84,73,99,0.97,GB,1726552512
264,lazaro cardenas,17.9583,-102.2,27.31,85,100,2.16,MX,1726552514
265,thompson,55.7435,-97.8558,7.09,93,20,0.0,CA,1726552515
266,baker city,44.7749,-117.8344,13.84,67,100,5.14,US,1726552516
267,taroa,8.7058,171.2275,28.62,75,40,3.92,MH,1726552517
268,karachev,53.1229,34.9852,19.89,43,38,4.29,RU,1726552518
269,les sables-d'olonne,46.6667,-1.8333,11.79,91,19,6.6,FR,1726552519
270,shagonar,51.5333,92.8,8.33,49,58,1.15,RU,1726552520
271,matthew town,20.95,-73.6667,29.31,79,90,6.04,BS,1726552521
272,progreso,21.2833,-89.6667,27.76,88,100,4.1,MX,1726552523
273,cole harbour,44.6724,-63.4751,16.71,76,0,2.57,CA,1726552524
274,wewak,-3.5534,143.6268,28.86,79,10,4.61,PG,1726552525
275,bordj ghdir,35.9011,4.8981,13.58,36,83,2.93,DZ,1726552526
276,okhotsk,59.3833,143.3,9.79,72,18,4.45,RU,1726552527
277,wailua homesteads,22.0669,-159.378,26.44,86,75,7.2,US,1726552528
278,broome,42.2506,-75.833,15.93,89,100,0.95,US,1726552529
279,sines,37.9562,-8.8698,17.94,73,5,0.89,PT,1726552530
280,badger,64.8,-147.5333,7.21,92,100,3.09,US,1726552531
281,happy valley-goose bay,53.3168,-60.3315,16.17,82,40,2.06,CA,1726552532
282,naze,28.3667,129.4833,29.51,77,5,8.09,JP,1726552534
283,fuling,29.7022,107.3919,35.31,41,36,1.86,CN,1726552535
284,tarawa,1.419,172.984,30.05,70,20,1.54,KI,1726552536
285,aasiaat,68.7098,-52.8699,-2.21,92,86,1.66,GL,1726552537
286,at-bashi,41.1702,75.8106,19.05,38,100,0.52,KG,1726552539
287,rio de janeiro,-22.9028,-43.2075,21.0,78,100,5.14,BR,1726552458
288,vytegra,61.0064,36.4481,18.49,64,93,1.91,RU,1726552541
289,kuching,1.55,110.3333,36.66,47,40,3.6,MY,1726552543
290,forster,-32.1667,152.5167,17.43,70,7,4.39,AU,1726552544
291,serdar,38.9764,56.2757,24.44,21,8,2.41,TM,1726552545
292,mili,6.0815,171.735,29.01,67,56,1.02,MH,1726552546
293,treasure island,27.7692,-82.769,27.01,89,75,3.09,US,1726552547
294,guarenas,10.4674,-66.6066,20.61,98,99,1.71,VE,1726552548
295,bridgewater,44.3835,-64.5155,14.23,83,0,3.12,CA,1726552551
296,castillos,-34.1667,-53.8333,9.55,86,0,1.99,UY,1726552552
297,apolinario saravia,-24.4328,-63.9954,16.28,43,0,1.94,AR,1726552553
298,keflavik,64.0049,-22.5624,8.24,93,75,7.2,IS,1726552554
299,palikir - national government center,6.9248,158.1611,28.47,84,100,2.06,FM,1726552555
300,puerto baquerizo moreno,-0.9,-89.6,20.91,84,78,6.36,EC,1726552556
301,puerto deseado,-47.7503,-65.8938,10.26,47,98,10.98,AR,1726552557
302,sassandra,4.95,-6.0833,23.69,94,98,1.95,CI,1726552559
303,kolonia,50.9333,6.95,14.47,86,100,1.54,DE,1726552560
304,acarau,-2.8856,-40.12,25.07,81,7,8.42,BR,1726552561
305,howard springs,-12.497,131.047,25.55,76,77,6.05,AU,1726552562
306,fortuna,40.5982,-124.1573,14.4,93,100,0.0,US,1726552563
307,lebu,-37.6167,-73.65,7.94,93,82,4.01,CL,1726552565
308,kanggye,40.9695,126.5852,26.08,66,84,2.09,KP,1726552566
309,aktau,43.65,51.2,23.32,39,100,6.59,KZ,1726552567
310,usogorsk,63.4106,48.6872,15.72,69,62,3.45,RU,1726552569
311,tromso,69.6496,18.957,11.01,76,100,9.77,NO,1726552570
312,dunedin,-45.8742,170.5036,3.78,87,97,4.02,NZ,1726552285
313,faraskur,31.3298,31.7151,26.7,54,0,2.75,EG,1726552572
314,zheleznogorsk-ilimskiy,56.5768,104.1217,3.81,66,99,2.54,RU,1726552573
315,chernyshevskiy,63.0128,112.4714,1.77,97,100,4.78,RU,1726552574
316,la foa,-21.7108,165.8276,19.99,52,25,7.24,NC,1726552575
317,pizarro,4.9533,-77.366,25.32,91,99,1.52,CO,1726552576
318,kingston,17.997,-76.7936,30.53,70,20,5.66,JM,1726552578
319,chonchi,-42.6128,-73.8092,5.07,80,99,0.84,CL,1726552579
320,juan griego,11.0817,-63.9655,22.07,100,93,4.63,VE,1726552580
321,brookings,44.3114,-96.7984,21.21,82,0,5.66,US,1726552581
322,lupane,-18.9315,27.807,25.74,23,0,6.59,ZW,1726552582
323,perevoz,55.5961,44.5446,19.18,51,14,1.94,RU,1726552583
324,lokossa,6.6387,1.7167,23.06,96,100,0.84,BJ,1726552584
325,nizhneangarsk,55.7833,109.55,6.74,49,29,2.84,RU,1726552585
326,utrik,11.2278,169.8474,28.48,75,55,4.19,MH,1726552587
327,kuytun,54.3419,101.5036,2.57,97,100,2.26,RU,1726552589
328,koungou,-12.7336,45.2042,27.84,69,0,2.57,YT,1726552590
329,boromo,11.75,-2.9333,23.46,93,98,1.58,BF,1726552591
330,extrema,-22.8547,-46.3183,14.16,89,97,2.6,BR,1726552592
331,utsunomiya,36.5658,139.8836,32.14,50,9,1.67,JP,1726552593
332,abqaiq,25.9371,49.6776,36.54,18,0,2.3,SA,1726552595
333,crane,31.3974,-102.3501,25.86,55,43,6.56,US,1726552523
334,kulgam,33.65,75.0167,24.98,38,0,2.03,IN,1726552597
335,leticia,-4.2153,-69.9406,25.03,94,20,1.03,CO,1726552598
336,forked river,39.8398,-74.1901,21.17,90,100,1.54,US,1726552599
337,margate,51.3813,1.3862,15.94,79,99,0.89,GB,1726552600
338,borodino,55.9106,94.8983,7.69,52,57,1.84,RU,1726552601
339,hasaki,35.7333,140.8333,27.6,79,56,7.51,JP,1726552602
340,la mira,18.035,-102.3266,26.57,88,100,2.09,MX,1726552604
341,rovaniemi,66.5,25.7167,11.67,93,100,4.12,FI,1726552605
342,camalu,30.85,-116.0667,17.37,74,0,4.76,MX,1726552606
343,miguel ahumada,30.6167,-106.5167,28.34,37,83,1.49,MX,1726552607
344,dalandzadgad,43.5708,104.425,22.56,23,0,2.03,MN,1726552608
345,sheringham,52.9408,1.2093,14.03,79,68,5.11,GB,1726552609
346,warangal,18.0,79.5833,29.56,64,93,5.77,IN,1726552610
347,haiku-pauwela,20.9219,-156.3051,26.23,77,40,8.23,US,1726552611
348,cidreira,-30.1811,-50.2056,14.81,93,2,2.97,BR,1726552613
349,ashchysay,43.5542,68.8889,16.53,38,68,3.53,KZ,1726552614
350,manado,1.487,124.8455,32.43,62,20,1.54,ID,1726552615
351,kapa'a,22.0752,-159.319,27.18,83,75,7.2,US,1726552616
352,gidole,5.65,37.3667,17.65,55,100,1.93,ET,1726552617
353,rawson,-43.3002,-65.1023,11.16,50,0,4.12,AR,1726552618
354,tanjung pandan,-2.75,107.65,30.83,56,100,5.14,ID,1726552619
355,mindelo,16.8901,-24.9804,25.75,78,20,2.57,CV,1726552620
356,nova vicosa,-17.8919,-39.3719,22.8,85,0,3.8,BR,1726552622
357,healesville,-37.65,145.5167,16.65,57,72,2.49,AU,1726552623
358,pamandzi,-12.7967,45.2794,27.88,69,0,2.57,YT,1726552624
359,canutama,-6.5339,-64.3831,26.95,57,74,1.24,BR,1726552625
360,carbonear,47.7332,-53.2148,17.91,87,83,7.75,CA,1726552626
361,arno,60.1167,18.6333,11.32,77,99,2.37,SE,1726552627
362,warmbad,-28.45,18.7333,13.95,48,0,2.58,NA,1726552628
363,pisco,-13.7,-76.2167,14.03,88,2,2.06,PE,1726552630
364,pacific grove,36.6177,-121.9166,15.24,92,100,1.54,US,1726552631
365,bacalar,18.6667,-88.3833,26.25,91,36,1.81,MX,1726552632
366,chaiyaphum,15.75,102.0,32.2,60,91,2.04,TH,1726552633
367,malabar,-33.9667,151.25,21.05,51,0,6.69,AU,1726552634
368,tafuna,-14.3358,-170.72,27.12,74,60,2.69,AS,1726552636
369,charlotte amalie,18.3419,-64.9307,27.85,78,0,3.09,VI,1726552637
370,benton harbor,42.1167,-86.4542,19.5,64,0,2.06,US,1726552638
371,fort mcmurray,56.7268,-111.381,12.77,71,100,3.6,CA,1726552639
372,genhe,50.7833,121.5167,18.58,33,3,5.39,CN,1726552640
373,horta,38.5333,-28.6333,21.12,91,92,2.68,PT,1726552641
374,ribeira brava,32.65,-17.0667,22.78,87,15,2.4,PT,1726552642
375,kerikeri,-35.2268,173.9474,10.51,76,12,3.58,NZ,1726552643
376,belokurikha,51.9959,84.9896,7.57,57,67,3.75,RU,1726552644
377,giridih,24.1833,86.3,29.24,71,100,7.31,IN,1726552646
378,maragogi,-9.0122,-35.2225,22.56,82,8,2.83,BR,1726552647
379,beacon square,28.2086,-82.7554,26.1,91,64,0.45,US,1726552648
380,box elder,41.5005,-112.8764,18.0,50,92,8.83,US,1726552649
381,dakhla,23.6848,-15.958,19.55,92,14,6.36,EH,1726552650
382,antsiranana,-12.2787,49.2917,26.42,44,20,7.2,MG,1726552651
383,krakeel,52.7215,6.52,15.49,93,56,4.15,NL,1726552652
384,katsuura,35.1333,140.3,27.65,78,34,6.17,JP,1726552653
385,kerewan,13.4898,-16.0888,23.06,97,99,0.91,GM,1726552654
386,lubang,13.8584,120.124,27.73,79,100,5.67,PH,1726552656
387,bridgeport,41.167,-73.2048,16.87,94,100,0.89,US,1726552657
388,kuqa,41.7278,82.9364,27.55,21,4,1.7,CN,1726552658
389,kunming,25.0389,102.7183,20.96,60,40,6.0,CN,1726552659
390,charters towers,-20.1,146.2667,26.39,33,100,4.55,AU,1726552660
391,corinto,37.9407,22.9573,24.94,58,8,0.79,GR,1726552661
392,kotlas,61.2611,46.6556,18.72,63,27,2.52,RU,1726552662
393,farasan,16.7022,42.1183,30.77,80,71,3.53,SA,1726552663
394,arbelaez,4.2725,-74.4151,21.01,61,62,3.23,CO,1726552665
395,kerman,30.2832,57.0788,26.92,22,0,2.06,IR,1726552666
396,bintulu,3.1667,113.0333,34.23,59,20,2.06,MY,1726552667
397,eyl,7.9803,49.8164,30.48,56,42,10.37,SO,1726552668
398,bangassou,4.7413,22.8184,23.94,79,40,0.41,CF,1726552669
399,sisimiut,66.9395,-53.6735,2.06,77,98,1.56,GL,1726552670
400,usinsk,65.9939,57.5281,16.2,72,100,6.28,RU,1726552671
401,zahedan,29.4963,60.8629,27.95,23,0,3.09,IR,1726552672
402,ouadda,8.0777,22.4007,22.67,91,55,1.03,CF,1726552674
403,xilin hot,43.9667,116.0333,18.84,49,100,4.14,CN,1726552675
404,saldanha,-33.0117,17.9442,5.03,81,6,4.37,ZA,1726552676
405,turan,16.0678,108.2208,31.99,66,40,5.66,VN,1726552677
406,inarajan village,13.2736,144.7484,28.55,90,100,6.07,GU,1726552678
407,tolanaro,-25.0319,46.9987,21.04,88,40,0.0,MG,1726552679
408,kailua-kona,19.6406,-155.9956,26.82,95,62,3.3,US,1726552516
409,kamaishi,39.2667,141.8833,25.0,62,26,0.59,JP,1726552681
410,peterhead,57.5058,-1.7981,12.47,75,100,1.43,GB,1726552682
411,grahamstown,-33.3042,26.5328,14.25,78,57,2.7,ZA,1726552684
412,jaisalmer,26.9147,70.9181,33.12,37,0,6.1,IN,1726552685
413,kidal,18.4411,1.4078,24.87,80,93,7.23,ML,1726552686
414,pemangkat,1.1667,108.9667,30.14,64,57,9.0,ID,1726552687
415,solleftea,63.1667,17.2667,10.92,92,83,1.67,SE,1726552688
416,shats'k,51.5021,23.9381,16.83,52,4,4.3,UA,1726552689
417,egilsstadir,65.2653,-14.3948,4.95,100,40,2.06,IS,1726552690
418,ust-nera,64.5667,143.2,6.18,55,99,2.89,RU,1726552691
419,khabarovsk,48.4808,135.0928,21.89,35,20,8.0,RU,1726552692
420,opuwo,-18.0607,13.84,17.76,18,0,2.12,NA,1726552694
421,walvis bay,-22.9575,14.5053,11.97,87,44,2.63,NA,1726552695
422,rongelap,11.1635,166.8941,28.78,74,9,3.56,MH,1726552696
423,parun,35.4207,70.9221,9.92,57,33,4.38,AF,1726552697
424,coahuayana de hidalgo,18.7,-103.6583,26.32,90,100,1.06,MX,1726552698
425,kapuskasing,49.4169,-82.4331,20.05,77,20,3.09,CA,1726552699
426,port-cartier,50.0334,-66.8654,18.54,83,50,2.76,CA,1726552700
427,jinxiang,27.4327,120.6062,29.37,78,14,5.04,CN,1726552701
428,al jawf,29.5,38.75,24.32,44,0,5.65,SA,1726552703
429,upper grand lagoon,30.1633,-85.7408,24.45,91,0,2.06,US,1726552704
430,ceeldheer,3.8488,47.1806,28.33,68,33,7.91,SO,1726552705
431,stroitel',50.7854,36.4831,16.9,51,0,4.0,RU,1726552706
432,yur'yevets,57.3201,43.1041,15.8,69,50,1.7,RU,1726552707
433,riosucio,5.4216,-75.7032,17.28,93,83,0.3,CO,1726552708
434,tome,-36.6167,-72.95,9.34,72,100,0.54,CL,1726552709
435,rouyn-noranda,48.2398,-79.0288,19.05,68,0,4.12,CA,1726552710
436,dryden,49.7833,-92.7503,17.16,94,100,4.12,CA,1726552712
437,krasnovishersk,60.4078,57.082,17.07,73,90,2.01,RU,1726552713
438,pangyan,5.7008,125.2811,29.1,67,95,3.33,PH,1726552714
439,muravlenko,63.7898,74.523,15.29,75,93,0.53,RU,1726552715
440,buka,40.8108,69.1986,25.4,29,80,5.53,UZ,1726552716
441,newberry,34.2746,-81.6187,17.86,94,100,6.04,US,1726552456
442,sao joao da barra,-21.6403,-41.0511,21.63,82,97,8.94,BR,1726552718
443,gelemso,8.8167,40.5167,17.53,81,97,0.66,ET,1726552719
444,smara,26.7384,-11.6719,20.36,69,43,3.05,EH,1726552720
445,aleksandrovsk-sakhalinskiy,50.8975,142.1561,16.21,66,77,5.33,RU,1726552722
446,mersrags,57.3354,23.1246,16.26,70,40,1.85,LV,1726552723
447,balatonboglar,46.7752,17.6441,11.64,90,85,3.79,HU,1726552724
448,port isabel,26.0734,-97.2086,27.23,95,0,1.54,US,1726552725
449,minot air force base,48.4209,-101.3391,18.05,94,100,4.63,US,1726552726
450,kourou,5.1552,-52.6478,24.5,89,24,3.53,GF,1726552727
451,weno,7.4515,151.8468,28.73,74,99,3.75,FM,1726552728
452,davydovka,51.1578,39.4292,20.62,32,46,5.82,RU,1726552729
453,lichinga,-13.3128,35.2406,22.06,42,3,4.55,MZ,1726552732
454,xam nua,20.4197,104.0439,23.83,82,88,1.63,LA,1726552733
455,chachersk,52.9164,30.9179,19.16,45,23,4.5,BY,1726552734
456,deir ez-zor,35.3359,40.1408,25.7,47,0,3.79,SY,1726552735
457,quellon,-43.1167,-73.6167,6.08,82,100,2.53,CL,1726552736
458,senanga,-16.1167,23.2667,25.13,19,0,5.16,ZM,1726552737
459,ma'an,26.9775,110.7211,29.74,62,100,3.47,CN,1726552738
460,fukuchiyama,35.3,135.1167,30.94,73,79,0.27,JP,1726552740
461,mahina,-17.5065,-149.489,25.87,83,0,6.69,PF,1726552741
462,bereznik,62.8551,42.7072,14.96,55,43,1.62,RU,1726552742
463,sacramento,38.4666,-121.3177,17.68,71,0,0.45,US,1726552394
464,huarmey,-10.0681,-78.1522,16.55,87,4,3.11,PE,1726552744
465,la manga del mar menor,37.6413,-0.7165,20.71,83,20,2.57,ES,1726552745
466,broken hill,-31.95,141.4333,20.26,18,0,1.82,AU,1726552746
467,floro,61.5996,5.0328,10.98,87,75,4.12,NO,1726552747
468,bengkulu,-3.8004,102.2655,29.0,59,88,5.21,ID,1726552749
469,villa canas,-34.0057,-61.6076,15.52,10,100,6.0,AR,1726552750
470,ribeira do pombal,-10.8344,-38.5358,17.81,98,5,1.7,BR,1726552751
471,ivdel',60.6911,60.4206,19.74,62,84,3.01,RU,1726552752
472,kuhdasht,33.535,47.6061,26.99,21,0,1.67,IR,1726552753
473,ulladulla,-35.35,150.4667,16.53,53,35,5.96,AU,1726552754
474,tidjikja,18.5564,-11.4271,27.21,63,81,3.35,MR,1726552755
475,le lavandou,43.137,6.366,15.9,59,0,3.6,FR,1726552756
476,malvan,16.0667,73.4667,28.33,69,100,1.75,IN,1726552758
477,zouerate,22.7187,-12.4521,28.04,34,20,2.82,MR,1726552759
478,kamina,-8.7386,24.9906,26.64,27,54,2.56,CD,1726552760
479,micheweni,-4.9667,39.8333,26.39,69,40,3.71,TZ,1726552761
480,stavern,59.0,10.0333,10.66,98,75,2.08,NO,1726552762
481,rusape,-18.5278,32.1284,22.23,26,0,2.79,ZW,1726552763
482,kangding,30.0513,101.9603,20.01,76,98,2.62,CN,1726552764
483,kavaratti,10.5669,72.642,27.77,79,61,6.03,IN,1726552765
484,tateyama,34.9833,139.8667,28.1,77,11,5.86,JP,1726552766
485,san luis de la loma,17.2706,-100.8939,27.16,87,100,1.54,MX,1726552768
486,la passe,45.5549,-0.8967,13.51,89,3,5.42,FR,1726552769
487,sinjar,36.3209,41.8754,26.72,34,0,1.87,IQ,1726552770
488,jora,26.3333,77.8167,31.79,52,59,3.64,IN,1726552771
489,new norfolk,-42.7826,147.0587,13.73,69,100,5.12,AU,1726552575
490,diego de almagro,-26.3667,-70.05,11.75,70,0,0.59,CL,1726552773
491,kirovsk,48.6375,38.6428,21.31,30,5,7.97,UA,1726552774
492,preobrazheniye,42.9019,133.9064,24.66,54,55,3.0,RU,1726552775
493,fort st. john,56.2499,-120.8529,11.94,76,75,3.09,CA,1726552776
494,kill devil hills,36.0307,-75.676,24.01,91,40,4.63,US,1726552778
495,metlili chaamba,32.2667,3.6333,25.52,41,40,1.54,DZ,1726552779
496,poronaysk,49.2167,143.1167,19.73,52,28,4.51,RU,1726552780
497,nieuw amsterdam,5.8833,-55.0833,25.34,87,5,3.9,SR,1726552781
498,kuanda,56.3161,116.0806,9.25,37,48,2.69,RU,1726552782
499,halden,59.1226,11.3871,13.63,83,96,0.79,NO,1726552785
500,ellore,16.7,81.1,31.54,61,85,6.07,IN,1726552786
501,coos bay,43.3665,-124.2179,15.13,88,100,3.6,US,1726552503
502,kota kinabalu,5.9749,116.0724,26.99,89,40,3.13,MY,1726552788
503,frohburg,51.05,12.55,15.91,92,100,3.6,DE,1726552789
504,brigantine,39.4101,-74.3646,22.23,94,100,3.6,US,1726552790
505,turpan,42.9333,89.1667,32.74,12,0,1.64,CN,1726552791
506,cabedelo,-6.9811,-34.8339,22.37,84,56,3.89,BR,1726552792
507,krasnokamensk,50.0979,118.0369,21.35,28,14,5.02,RU,1726552793
508,selfoss,63.9331,-20.9971,9.47,88,98,5.04,IS,1726552795
509,adi keyh,14.8444,39.3772,18.02,58,99,0.93,ER,1726552796
510,qaqortoq,60.7167,-46.0333,3.68,88,96,1.17,GL,1726552797
511,vilcun,-38.65,-72.2333,3.26,97,96,0.57,CL,1726552798
512,phayao,19.25,100.25,33.19,51,47,1.68,TH,1726552799
513,port saint john's,-31.6229,29.5448,17.98,84,100,1.82,ZA,1726552800
514,peace river,56.2501,-117.286,7.17,87,40,1.54,CA,1726552801
515,tamanrasset,22.785,5.5228,22.95,60,40,1.54,DZ,1726552725
516,langres,47.8333,5.3333,11.16,91,68,7.3,FR,1726552804
517,hami,42.8,93.45,29.11,12,7,1.06,CN,1726552805
518,mandalgovi,45.7625,106.2708,21.75,19,0,6.32,MN,1726552806
519,lata,40.1629,-8.3327,13.86,43,5,2.35,PT,1726552807
520,ghormach,35.7306,63.7826,24.32,23,4,4.47,AF,1726552808
521,namibe,-15.1961,12.1522,17.88,87,82,1.01,AO,1726552809
522,eraan,9.0629,117.7016,26.78,90,100,8.68,PH,1726552810
523,am timan,11.0297,20.2827,22.41,87,90,1.75,TD,1726552811
524,howrah,22.5892,88.3103,31.0,79,75,4.12,IN,1726552812
525,kuta,-8.7233,115.1723,29.97,66,20,3.09,ID,1726552814
526,colonia,50.9333,6.95,14.47,86,100,1.54,DE,1726552815
527,fisterra,42.9049,-9.2629,18.37,56,11,6.48,ES,1726552816
528,saint david's,12.0333,-61.6667,27.69,89,20,0.0,GD,1726552817
529,ad douiem,14.0012,32.3116,28.4,63,85,7.57,SD,1726552818
530,severo-yeniseyskiy,60.3725,93.0408,5.51,71,100,4.32,RU,1726552819
531,ketchikan,55.3422,-131.6461,13.52,100,100,0.0,US,1726552820
532,tamandare,-8.7597,-35.1047,22.86,83,8,2.9,BR,1726552821
533,vanimo,-2.6741,141.3028,29.15,75,31,5.47,PG,1726552823
534,zvezdnyy,57.7325,56.3147,16.33,67,34,2.04,RU,1726552825
535,cooper's town,26.8667,-77.5167,29.17,76,96,3.5,BS,1726552826
536,xining,36.6167,101.7667,21.0,65,96,2.1,CN,1726552827
537,ontario,34.0633,-117.6509,15.95,79,20,2.57,US,1726552828
538,homer,59.6425,-151.5483,8.91,93,17,2.1,US,1726552829
539,altai,46.3722,96.2583,15.86,19,0,6.96,MN,1726552830
540,mitsamiouli,-11.3847,43.2844,25.85,72,4,3.75,KM,1726552832
541,lorengau,-2.0226,147.2712,29.17,77,57,4.61,PG,1726552833
542,tshabong,-26.05,22.45,18.64,23,94,3.76,BW,1726552834
543,kosong,38.3788,128.4676,25.88,84,90,1.69,KR,1726552835
544,kelso,46.1468,-122.9084,14.0,93,22,1.19,US,1726552824
545,mercedes,-34.6515,-59.4307,15.44,69,86,3.97,AR,1726552837
546,choyr,46.3611,108.3611,21.82,32,0,6.68,MN,1726552839
547,palmer,42.1584,-72.3287,13.8,90,20,1.54,US,1726552840
548,marksville,31.128,-92.0662,22.14,82,95,1.41,US,1726552841
549,lebanon,36.2081,-86.2911,20.05,79,0,0.0,US,1726552708
550,luba,3.4568,8.5547,25.46,87,100,1.92,GQ,1726552843
551,tralee,52.2704,-9.7026,10.79,92,31,2.34,IE,1726552844
552,greymouth,-42.4667,171.2,7.99,65,30,2.66,NZ,1726552845
553,sirte,31.2089,16.5887,25.34,71,1,5.83,LY,1726552846
554,le vauclin,14.5452,-60.8388,26.03,94,75,1.03,MQ,1726552847
555,okha,53.5739,142.9478,13.23,80,100,2.85,RU,1726552848
556,kruisfontein,-34.0033,24.7314,13.95,70,0,3.21,ZA,1726552851
557,nikolayevsk-on-amure,53.1406,140.73,16.02,67,97,2.3,RU,1726552852
558,trinidad,-14.8333,-64.9,21.52,42,8,2.07,BO,1726552853
559,alofi,-19.0595,-169.9187,25.2,81,67,2.83,NU,1726552854
560,nishinoomote,30.7333,131.0,30.31,74,75,5.14,JP,1726552855
561,guiuan,11.0333,125.7247,28.28,78,100,9.44,PH,1726552856
562,valdivia,-39.8142,-73.2459,3.05,98,18,0.71,CL,1726552857
563,cill airne,52.05,-9.5167,10.88,93,13,2.38,IE,1726552859
564,punto fijo,11.6956,-70.1996,28.83,82,35,12.34,VE,1726552860
565,mogocha,53.7333,119.7667,12.6,30,55,3.97,RU,1726552861
566,daru,-9.0763,143.2092,25.65,87,100,6.83,PG,1726552862
567,rioblanco,3.5308,-75.6806,15.76,71,43,2.09,CO,1726552863
568,sola,-13.8833,167.55,25.06,82,95,11.16,VU,1726552864
569,linares,-35.85,-71.6,9.19,86,100,1.24,CL,1726552865
570,freeport,40.6576,-73.5832,19.47,92,100,2.06,US,1726552867
571,bandon,51.7469,-8.7425,13.77,98,15,1.45,IE,1726552868
572,zhigalovo,54.8097,105.1578,7.36,53,85,2.98,RU,1726552869
573,madang,-5.2246,145.7966,28.68,73,44,4.67,PG,1726552870
574,carutapera,-1.195,-46.02,25.26,85,1,3.55,BR,1726552871
575,seeb,23.6703,58.1891,33.15,57,0,4.0,OM,1726552872
576,kununurra,-15.7667,128.7333,18.99,77,100,5.66,AU,1726552873
577,karaton,-6.3424,106.1045,34.5,27,100,0.97,ID,1726552874
578,kebili,33.7044,8.969,24.21,50,91,2.86,TN,1726552876
579,at taj,24.2049,23.2857,28.16,38,0,6.46,LY,1726552877
580,safaga,26.7292,33.9365,30.65,49,0,8.74,EG,1726552878
581,cockburn town,21.4612,-71.1419,29.03,78,80,10.23,TC,1726552879
582,esme,38.3998,28.969,17.24,48,0,1.02,TR,1726552880
583,berezovyy,51.6667,135.7,18.29,39,27,5.57,RU,1726552881
584,portland,45.5234,-122.6762,17.67,77,3,0.45,US,1726552051
585,maitum,6.0392,124.4986,29.52,62,99,2.06,PH,1726552885
586,staroshcherbinovskaya,46.6311,38.6742,20.2,40,100,8.62,RU,1726552886
587,kismayo,-0.3582,42.5454,26.79,75,70,6.68,SO,1726552887
